Workbook

Sheet 说明与汇总
A2: 玉米功能文献筛选规则 v1：20篇小批测试（中文翻译版）
A5: 先在“人工复核”页阅读中文题名和中文摘要并填写人工标签；英文原文保留在“英文原文”页，完成后再打开“自动对照”页比较。
A7: 批次信息 | B7: 数量 | D7: 操作顺序
A8: 总记录 | B8: 20 | D8: 1 | E8: 打开“人工复核”页。
A9: 固定随机盲测 | B9: 12 | D9: 2 | E9: 只读题名和摘要，在F列选择A/B/C/D/E/R/X/U。
A10: 边界挑战 | B10: 8 | D10: 3 | E10: 不确定时填U，并在G列写明缺什么信息。
A11: 已填人工标签 | B11: =COUNTA(人工复核!$F$7:$F$26) -> 20 | D11: 4 | E11: 全部填完后，再打开“自动对照”页查看旧标签与v1建议。
A12: 待填写 | B12: =COUNTBLANK(人工复核!$F$7:$F$26) -> 0 | D12: 5 | E12: 发现不一致时，以证据边界讨论为主，不计算模型准确率。
A15: 标签 | B15: 本批使用含义 | C15: 旧电脑预标 | D15: v1自动建议 | E15: 人工确认
A16: A | B16: 基因/蛋白层直接实验 | C16: 1 | D16: 0 | E16: =COUNTIFS(人工复核!$F$7:$F$26,A16) -> 0
A17: B | B17: 可识别基因/等位基因与表型关系 | C17: 0 | D17: 0 | E17: =COUNTIFS(人工复核!$F$7:$F$26,A17) -> 0
A18: C | B18: QTL、GWAS、表达或群体关联 | C18: 0 | D18: 1 | E18: =COUNTIFS(人工复核!$F$7:$F$26,A18) -> 1
A19: D | B19: 序列、同源、系统发育或功能模型 | C19: 0 | D19: 0 | E19: =COUNTIFS(人工复核!$F$7:$F$26,A19) -> 0
A20: E | B20: 玉米基因功能相关数据资源 | C20: 0 | D20: 0 | E20: =COUNTIFS(人工复核!$F$7:$F$26,A20) -> 0
A21: R | B21: 可追溯原始研究的相关综述 | C21: 0 | D21: 0 | E21: =COUNTIFS(人工复核!$F$7:$F$26,A21) -> 0
A22: X | B22: 不入当前内源基因功能核心库 | C22: 2 | D22: 16 | E22: =COUNTIFS(人工复核!$F$7:$F$26,A22) -> 16
A23: U | B23: 信息不足，保留具体待核缺口 | C23: 17 | D23: 3 | E23: =COUNTIFS(人工复核!$F$7:$F$26,A23) -> 3
A25: 抽样说明 | B25: 固定随机种子20261028 | C25: 排除已复核36篇 | D25: 随机盲测12篇 | E25: 边界挑战8篇 | F25: 来源：screening_sample_500_prelabelled.csv
A27: 限制 | B27: AI逐篇复核建议不是独立人工真值 | C27: 请先完成人工复核 | D27: 完成后再判断规则是否需要调整

Sheet 人工复核
A2: 20篇小批测试：人工复核（中文翻译版）
A4: 题名和摘要已翻译为中文；英文原文保留在“英文原文”页。请在F列选择标签，不确定时选择U并在G列写明缺口。
A6: 测试ID | B6: 批次类型 | C6: 样本ID | D6: 中文题名 | E6: 中文摘要 | F6: 人工确认标签 | G6: 人工意见/待核缺口 | H6: 来源 | I6: 年份 | J6: 来源记录键
A7: T01 | B7: 随机盲测 | C7: S0295 | D7: 将自维持气浮筛分与常规连续搅拌釜反应器耦合可提高玉米秸秆的厌氧生物降解性 | E7: 木质纤维素作物废弃物的厌氧生物降解性可通过适当预处理得到改善，但关于利用反应器构型提高秸秆消化性的资料很少。本研究通过实验室批次试验建立了一种新型反应器，以检验将自维持气浮筛分（SAFS）单元与常规连续搅拌釜反应器（CSTR）耦合能否提高玉米秸秆（CS）的厌氧生物降解性。与运行20天的常规CSTR相比，SAFS-CSTR在16天内使最大甲烷产量提高了14.27%。各项基本指标的时间和空间分布与常规CSTR显著不同。反应器不同位置的细菌多样性升高，细菌群落组成发生明显变化，其中拟杆菌门和变形菌门为优势类群。SAFS单元可有效分离抑制物，同时提高传质效率，因此可为常规CSTR的升级或改造提供参考。 | F7: X | H7: MED | I7: 2020 | J7: MED:32335348
A8: T02 | B8: 边界挑战 | C8: S0207 | D8: 菌根与葡萄藤：应对葡萄种植挑战时两者互作中的已知与未知 | E8: 丛枝菌根真菌（AMF）在葡萄生产体系中发挥重要作用。然而，从育苗阶段到田间，这种关系如何建立，以及土壤管理会如何改变该关系及其带来的益处，目前所知仍然有限。本文综述了从苗圃到田间建立葡萄藤—AMF关系的现有认识、影响共生有效性的主要因素、AMF作为葡萄生产生物刺激剂的潜在作用，以及在当前气候变化背景下的未来应用前景。菌根共生的建立过程十分复杂，植物根系与真菌之间的分子对话仍未得到充分阐明。葡萄苗木生产过程中会在苗圃生根，并可能自发形成共生。菌根共生的有效性似乎不仅取决于真菌种类，还取决于葡萄材料的多样性和土壤管理方式。最后，使用AMF作为生物刺激剂可能是应对新气候情景的有效策略，但仍需进一步研究AMF接种物的应用及本地菌群的保护。 | F8: X | H8: MED | I8: 2025 | J8: MED:40066981
A9: T03 | B9: 随机盲测 | C9: S0304 | D9: 来源于小麦曲的枯草芽孢杆菌HNGD-Mq02降解黄曲霉毒素B1和M1的机制及其在食品脱毒中的应用 | E9: 黄曲霉毒素B1（AFB1）是食品和饲料中毒性最强且最常见的真菌毒素，其羟基化代谢物黄曲霉毒素M1（AFM1）则常见于乳制品，两者均构成严重健康风险。因此，有效降解这些毒素是食品安全的重要目标。本研究分离了枯草芽孢杆菌HNGD-Mq02，并评估其降解AFB1和AFM1的能力。在最适条件（50 ℃、pH 7）下，发酵液对两者的降解率分别达到94.06%和98.26%。超高效液相色谱—质谱（UHPLC-MS）分析证实，两种真菌毒素均被转化为毒性较低的化合物。斑马鱼试验和Ames试验进一步证实了降解产物的毒性降低。在实际应用中，该菌株使玉米粉中的AFB1降低72.90%，使奶粉中的AFM1降低42.25%。发酵还在一定程度上改善了营养品质。结果表明，枯草芽孢杆菌HNGD-Mq02具有提高食品和饲料安全性及价值的潜力。 | F9: X | H9: MED | I9: 2025 | J9: MED:40890944
A10: T04 | B10: 随机盲测 | C10: S0259 | D10: 棉籽密度：10个栽培品种相关的物理和化学性质 | E10: 近期研究表明，棉籽（Gossypium hirsutum L.）的萌发和幼苗活力与种子密度的关系，比与大小或重量等其他物理性质的关系更密切。本研究旨在确定同一品种内不同密度种子之间，以及不同品种中相同密度种子之间的物理和化学差异。主要目标是把物理或化学性质与种子密度联系起来，并解释已有研究所报告的种子密度、萌发和幼苗活力之间的相关性。将美国得克萨斯高平原种植的10个棉花品种的种子用气流分选器和逐渐增大的气流速度分为4个密度组。按密度分离种子的结果在一定程度上不受品种影响，而种子重量则高度依赖品种。随着种子密度增加，胚重量占种子总重量的比例在所有品种中由50%升至65%。脂质浓度从最低密度组到第二密度组显著升高，此后基本保持不变。若按单粒种子的含量表示，各种化学成分均显著增加。每个密度组内，不同品种所含物质量均存在显著的品种效应。胚重与种子总重之比表明，种子密度是种子成熟度的良好指标。尽管各种化学成分的浓度仅受轻微影响，但随着种子密度增加，可供萌发幼苗利用的有机和无机物质总量均有所增加。 | F10: X | H10: AGR | I10: 1974 | J10: AGR:9916185676607426
A11: T05 | B11: 随机盲测 | C11: S0426 | D11: 危地马拉西南部多种微量营养素补充与响应性照护干预对支持儿童早期发展的独立及联合效果 | E11: 目标：本研究旨在考察多种微量营养素补充与响应性照护干预对危地马拉西南部儿童早期发展的独立及联合效果。方法/研究人群：研究采用双盲、2×2整群随机对照试验，将微量营养素补充与响应性照护两种干预组合实施。共纳入309名婴儿（6—18月龄）和387名学龄前儿童（36—52月龄），均存在营养风险（年龄别身高Z评分＜−1）；其中51%为男性，17%为原住民，76%的照护者受教育程度不超过小学。补充组连续6个月接受含21种微量营养素强化的玉米—大豆制品；对照组制品仅强化维生素B2。响应性照护干预改编自联合国儿童基金会“儿童发展照护”项目，通过6次家访实施。研究使用《贝利婴幼儿发展量表》第三版和《布莱肯入学准备量表》，考察从基线（2015年）到终点（2017年）的儿童早期发展变化。结果/预期结果：婴儿的年龄标准化贝利认知发展评分在各干预组中均随时间下降。多种微量营养素补充与响应性照护联合组的婴儿贝利运动发展评分显著提高，变化值为3.67（95%置信区间：0.17—7.17，p=0.04）。学龄前儿童的入学准备度在各组中均随时间下降。各干预组之间，婴儿发展和学龄前儿童入学准备度的变化速率没有差异。进一步分析将考察预先设定的儿童和家庭因素是否会修饰干预效果。讨论/意义：联合实施多种微量营养素补充和响应性照护支持了运动发展，但未改善认知和入学准备度。这些结果将为在不利环境中促进儿童早期发展的多部门干预之有效性及受益人群提供依据。 | F11: X | H11: PMC | J11: PMC:PMC9209285
A12: T06 | B12: 边界挑战 | C12: S0097 | D12: 金鱼草转座元件Tam3的结构分析显示其与玉米Ac元件具有同源性 | E12: 原记录未提供摘要。 | F12: U | G12: 从题目上看可能存在玉米同源基因证据，缺少摘要，需要补齐 | H12: MED | I12: 1991 | J12: MED:1654157
A13: T07 | B13: 随机盲测 | C13: S0434 | D13: 油气工业压裂液用高分子凝胶的化学与物理结构：现状、挑战与前景 | E13: 水力压裂对于从油气储层中开采烃类至关重要，其过程是把流体以高压注入储层岩石。压裂液的重要组成之一是加入在储层条件下形成凝胶或凝胶状体系的聚合物。聚合物可用作增黏剂和减阻剂，并在压裂液中充当携带支撑剂的介质。现有压裂液体系中有许多以高分子为基础。过去一至二十年间，天然和人工合成的线性聚合物，以及应用程度较低的合成超支化聚合物，被用作压裂液添加剂，在提高压裂液于多种苛刻储层条件下的稳定性方面显示出良好前景。现代创新表明，开发新的化学结构和性质对于改善性能十分重要。主要挑战包括在储层条件下维持黏度以及获得适当的剪切变稀行为。高分子的物理结构和新型交联过程是应对这些问题的关键。高分子相互作用在储层条件下的影响，对获得高效流体性能和成功实施压裂作业非常重要。未来，持续研究有望产生专门设计的高分子解决方案，以提高油气应用的效率和可持续性。 | F13: X | H13: MED | I13: 2024 | J13: MED:38786255
A14: T08 | B14: 随机盲测 | C14: S0374 | D14: 马铃薯育种新前沿：调控生殖基因与无融合生殖 | E14: 原记录未提供摘要。 | F14: X | H14: PMC | I14: 2024 | J14: PMC:PMC11202281
A15: T09 | B15: 边界挑战 | C15: S0438 | D15: 玉米饲料及木聚糖酶对肉鸡淀粉消化的影响 | E15: 玉米是全球家禽饲料中使用最广泛的谷物。了解肉鸡如何以及在消化道何处消化天然淀粉——玉米中的主要能量成分——以及外源木聚糖酶如何影响这一过程，对于优化日粮养分利用十分重要。本项目采用体外和体内模型，研究肉鸡对不同玉米基础日粮中淀粉的消化，包括天然玉米淀粉、玉米粗粉以及添加或不添加木聚糖酶的玉米—大豆日粮；木聚糖酶为Econase XT 25，添加量100 g/t，活性18,100 BXU/kg。研究建立了一个模拟肉鸡消化道的体外模型，采用球磨技术模拟鸡胗，以考察不同日粮的淀粉消化差异。与滚筒混合样品相比，样品在盐酸—胃蛋白酶体系中球磨后，淀粉结晶度和颗粒大小均降低；这些样品随后与胰酶孵育时释放更多葡萄糖。玉米—大豆日粮在胰酶作用下释放的葡萄糖最多，而天然玉米淀粉最少，说明消化前对日粮的加工以及周围食物基质都会产生影响。［原始数据中的摘要在此处截断。］ | F15: X | H15: ETH | I15: 2016 | J15: ETH:689988
A16: T10 | B16: 随机盲测 | C16: S0200 | D16: 缺钙条件下玉米幼苗叶片的脂质过氧化损伤 | E16: 玉米幼苗采用水培方式培养至第4片叶展开，随后每隔4天将部分幼苗转入无钙培养液，直至第8叶期。在八叶期玉米幼苗中，研究了膜系统脂质过氧化损伤与叶肉细胞超微结构变化之间的关系。缺钙早期，叶肉细胞维持较高的超氧化物歧化酶活性和较低的脂质过氧化水平。随着缺钙进程发展，超氧化物歧化酶活性下降，尤以铜/锌超氧化物歧化酶（Cu,Zn-SOD）活性下降最为明显；丙二醛（MDA）含量和膜通透性升高，细胞器受到严重破坏，甚至整个细胞结构被毁。叶肉细胞的超微结构损伤首先出现在叶绿体，随后依次涉及线粒体、质膜、核膜和内质网膜。缺钙条件下膜系统的破坏表明脂质过氧化作用增强。 | F16: U | G16: 未发现基因相关研究，但是环境因素可能影响玉米，需看全文确认，可以作为辅助信息 | H16: CBA | I16: 1997 | J16: CBA:302012
A17: T11 | B17: 边界挑战 | C17: S0394 | D17: SARS-CoV-2的最近缘病毒RaTG13来自蝙蝠转录组而非粪便拭子：对COVID-19起源的意义 | E17: RaTG13在系统发育上是与SARS-CoV-2关系最近的冠状病毒，因此，了解其来源对于理解COVID-19大流行的起源十分重要。RaTG13的下一代测序（NGS）数据集被描述为来源于中菊头蝠（Rhinolophus affinis）的粪便拭子，但序列分析表明这种说法可能不成立。使用Metaxa2进行的宏基因组分析显示，数据集中仅10.3%的小亚基（SSU）rRNA序列来自细菌，这与通常由细菌序列占优势的粪便样本不符。此外，样本中的细菌分类群也与粪便材料不一致。组装数据集中的线粒体SSU rRNA序列得到一条与中菊头蝠线粒体SSU rRNA具有98.7%一致性的重叠群，说明样本来自该物种或其近缘物种。87.5%的NGS读段可比对到大菊头蝠（Rhinolophus ferrumequinum）基因组；这是现有基因组中与中菊头蝠最近的蝙蝠基因组。在已注释的基因组区域中，62.2%的已比对读段落在蛋白编码基因上。作者据此认为，该数据集代表菊头蝠属组织或细胞系的转录组，而非粪便拭子样本，并进一步推断RaTG13在活体培养材料中。文章由此提出疑问：在大流行之前，武汉病毒研究所是否还培养过其他未公开的、与SARS-CoV-2近缘的冠状病毒。文中讨论了这些结果对COVID-19起源问题的意义。 | F17: X | H17: PPR | I17: 2021 | J17: PPR:PPR423720
A18: T12 | B18: 边界挑战 | C18: S0033 | D18: FAST技术：一种用于拟南芥幼苗及其他植物物种瞬时基因表达分析的简化农杆菌转化方法 | E18: 背景：植物基因组测序发现了大量功能未知的基因。为研究这些未知基因的功能，人们开发了多种瞬时转化体系，作为耗时较长的稳定转基因试验的快速、便捷替代方案。这些瞬时分析方法包括基因枪轰击、原生质体转染和农杆菌介导的瞬时转化；不同方法各有优缺点，适用性取决于研究目的。结果：本文提出一种新的瞬时分析方法，即在表面活性剂存在条件下，将拟南芥幼苗与根癌农杆菌共培养。该方法不需要专用设备，从播种到蛋白分析可在一周内完成。该方法被命名为农杆菌介导幼苗快速转化（FAST），可在不同遗传背景的拟南芥幼苗子叶中成功表达由不同启动子驱动的多种构建体，但不能在根中表达。通过与荧光细胞器标记物共同转化，确定了3种此前未表征蛋白的定位。FAST操作所需的幼苗处理很少，也可用于96孔板。其较高的转化效率使研究者能够通过免疫印迹检测8株转化幼苗中的蛋白。采用荧光共振能量转移和双分子荧光互补技术，还可方便地检测蛋白质—蛋白质相互作用；本文以HY5同源二聚化为例进行了验证。初步试验表明，FAST也适用于其他双子叶和单子叶植物，包括烟草、番茄、水稻和柳枝稷。结论：FAST体系可在完整植株中快速、高效且低成本地分析基因功能，人工操作少且无需专用设备，未来可能非常适合自动化高通量分析。 | F18: X | H18: MED | I18: 2009 | J18: MED:19457242
A19: T13 | B19: 随机盲测 | C19: S0130 | D19: 中国黄土高原不同植被类型下的土壤水分亏缺与恢复 | E19: 刻画土壤含水量（SWC）的动态变化，是在中国黄土高原开展可持续植被恢复的前提。然而，由于驱动因素不同且地表过程复杂，量化深层土壤含水量变化仍具挑战。本研究在2019—2020年间监测了人工林地（AF）、苹果园（AO）、天然林地（NF）、农田（种植玉米；FL）和天然草地（NG）0—10 m土层的土壤含水量，并使用亏缺量（DS）和恢复指数（RI）探讨植被类型对土壤含水量的影响。结果显示，林地土壤含水量显著低于天然草地的12.32%，且树种显著影响土壤含水量。林地的月度DS值为负，而农田的DS值为正。林地0—10 m范围内的DS值以及10 m以下的预测值均为负，说明植树可能消耗了10 m以下的土壤水分。调查期间，0—1 m土层的RI为正，表明土壤水分得到恢复。此外，人工林地在深层土壤水分恢复方面表现良好。林冠密度是控制土壤水分恢复的因素。结果表明，当前造林方式消耗了更多土壤水分，但有利于深层土壤水分保持。因此，未来选择和管理植被时，应根据当地土壤和水资源状况进行合理调整。 | F19: X | H19: PPR | I19: 2021 | J19: PPR:PPR434725
A20: T14 | B20: 边界挑战 | C20: S0373 | D20: Opaque2转录因子在玉米种子蛋白质积累和氨基酸代谢调控中的作用 | E20: 原记录未提供摘要。 | F20: U | G20: 需要补齐摘要查证具体等级，从题目判断可以入库 | H20: MED | I20: 1994 | J20: MED:7486460
A21: T15 | B21: 随机盲测 | C21: S0480 | D21: 六倍体小麦共表达网络显示：多倍化后减数分裂基因的同源拷贝表达总体平衡，且未发生显著基因丢失 | E21: 多倍化在植物进化中发挥了重要作用。然而，多倍化发生后，减数分裂过程必须适应增多的染色体数量，以确保染色体正确分离并产生染色体组成平衡的配子。有观点认为，全基因组复制后，减数分裂基因（MG）的重复拷贝会恢复为单拷贝，从而稳定多倍体基因组。因此，小麦是具有3套相关（同源）基因组的六倍体物种，其多倍化后的稳定过程可能涉及同源染色体上减数分裂基因含量和表达的快速变化。为检验该假设，研究结合共表达网络分析和基于直系同源关系的方法，在小麦中鉴定候选减数分裂基因。研究使用来自包括小麦减数分裂期花药在内的多种组织的130个RNA-Seq样本，定义基因共表达模块。3个模块与减数分裂组织样本显著相关，而与其他组织类型不相关。这些模块富集了细胞周期、DNA复制和染色质修饰相关的基因本体（GO）术语，并包含已知减数分裂基因的直系同源基因。总体而言，减数分裂相关模块中74.4%的基因保留了3个同源拷贝，与其他组织相关模块的情况相似。在通过直系同源关系而非共表达鉴定的小麦减数分裂基因中，绝大多数（93.7%）相对于祖先小麦物种而言，要么在六倍体小麦中保持相同拷贝数（78.4%），要么拷贝数增加（15.3%）。此外，与非减数分裂相关模块中的基因相比，减数分裂相关模块中的基因在同源拷贝之间表现出更平衡的表达水平。综上，结果不支持小麦多倍化后减数分裂基因发生广泛丢失或同源拷贝表达发生显著改变。减数分裂基因共表达网络的构建还鉴定出枢纽基因，为后续研究提供了关键候选对象。 | F21: X | H21: MED | I21: 2019 | J21: MED:31681395
A22: T16 | B22: 随机盲测 | C22: S0378 | D22: 玉米条纹病毒（肯尼亚分离株）基因组的物理结构与遗传组成 | E22: 对从病毒颗粒DNA获得的克隆进行测序后发现，玉米条纹病毒肯尼亚分离株（MSV-K）的基因组由一个约2.6 kb的主要DNA组分构成。MSV病毒粒子DNA为部分双链结构，由一条全长病毒链（V链）和一条较短的70—80个碱基的引物链（P链）组成。引物链具有固定的5′端，并带有对碱不稳定的物质，推测为1—2个核糖核苷酸。该病毒基因组有两个方向相反的主要编码区，两侧由两个较小的基因间区隔开。P链上的编码区由两个主要开放阅读框（ORF）组成，二者串联排列且处于同一阅读框中。由这两个ORF组合推导的蛋白与木薯潜伏病毒基因组中单个ORF的产物高度对应，因此该区域很可能编码两个具有共同氨基末端的蛋白，其中一个是翻译越过第一个ORF琥珀终止密码子后形成的通读产物。基因间区含有潜在的转录起始和终止信号，其方向分别与两个相对的编码区一致。研究观察到相当程度的DNA序列异质性，主要包括编码区中同义或保守的第三位碱基替换，以及基因间区中的碱基替换、小片段插入和短距离小范围易位。 | F22: X | H22: MED | I22: 1984 | J22: MED:6493977
A23: T17 | B23: 随机盲测 | C23: S0225 | D23: 糖皮质激素和盐皮质激素对肾上腺切除大鼠促肾上腺皮质激素及β-内啡肽的影响 | E23: 研究测定了假手术大鼠，以及肾上腺切除后连续6天每日注射载体（油）、地塞米松、9α-氟皮质醇或脱氧皮质酮的大鼠血浆、垂体前叶、神经中间叶和下丘脑中的免疫反应性促肾上腺皮质激素（ir-ACTH）与免疫反应性β-内啡肽（ir-βEP）。肾上腺切除6天后，垂体前叶ir-ACTH和ir-βEP含量增至对照的2倍，血浆水平约增至5倍。肾上腺切除不改变下丘脑中两种肽的水平，也不改变神经中间叶中的ir-βEP；在常规稀释条件下，该组织中的ir-ACTH低于检测限。地塞米松（0.2—200 μg/天）同步抑制血浆ir-ACTH和ir-βEP，20 μg时接近最大效应，2—6 μg之间达到半数最大效应；胸腺萎缩也表现出相似的剂量—反应特征。垂体前叶中两种肽的含量随剂量逐级增加，而下丘脑中两种肽及神经中间叶ir-βEP均无变化。9α-氟皮质醇（0.2—200 μg/天）对血浆、垂体前叶和下丘脑的作用与地塞米松相当，但效力仅为其十分之一。与地塞米松不同，较高剂量的9α-氟皮质醇显著提高神经中间叶ir-βEP。脱氧皮质酮（2—2,000 μg/天）对血浆、垂体前叶或下丘脑中两种肽均无显著影响；但与9α-氟皮质醇类似，剂量高于60 μg/天时可显著提高神经中间叶ir-βEP。研究表明，垂体前叶中ir-ACTH和ir-βEP的合成与释放受到复杂的糖皮质激素负反馈调控，而神经中间叶ir-βEP含量还存在盐皮质激素特异性调节。 | F23: X | H23: MED | I23: 1982 | J23: MED:6279699
A24: T18 | B24: 边界挑战 | C24: S0417 | D24: 在低磷和高磷投入下，土壤微生物群以不同方式调节玉米根系转录组及生长 | E24: 有益微生物可促进植物生长，有害微生物则可能抑制生长。尽管单一微生物物种与宿主之间的互作已得到广泛研究，但宿主对土壤微生物群的生长和转录响应仍认识不足。研究者从一个设置两种不同土壤磷（P）管理制度的长期试验点采集自然土壤或灭菌土壤，并在其中种植玉米。研究分析了自然土壤中根相关生态位内微生物群落的组成，同时测定了在自然土壤或灭菌土壤中生长玉米的生物量、离子组和根系转录组。土壤微生物群可促进或抑制不同的磷饥饿响应（PSR）基因，并可在不依赖外界磷水平的情况下诱导多种防御相关代谢过程。长期施磷条件下的土壤微生物群引起较弱的PSR和防御反应，并抑制玉米生长。在低磷条件下，PSR和防御反应受到更强诱导，促进了磷吸收和生长。结果提示，土壤微生物群通过整合PSR和防御反应，以依赖土壤磷水平的方式影响玉米生长，并为理解根系生长与土壤微生物群的互作提供了更精细的认识。 | F24: C | G24: 饥饿响应基因是基因组 | H24: MED | I24: 2025 | J24: MED:39552518
A25: T19 | B25: 随机盲测 | C25: S0150 | D25: 普通菜豆的推定中美洲驯化中心位于墨西哥莱尔马—圣地亚哥流域 | E25: 中美洲粮食农业以米尔帕复合种植系统为特征，该系统由玉米（Zea mays L.）、普通菜豆（Phaseolus vulgaris L.）和南瓜（Cucurbita属）构成。近年来，有研究提出玉米的驯化中心位于墨西哥中西部的巴尔萨斯河流域，由此引出一个问题：巴尔萨斯流域是否也是整个中美洲粮食农业的起源中心。本研究利用26个微卫星标记，对155份来自中美洲基因库、具有代表性的野生和栽培普通菜豆样本开展遗传多样性调查。研究使用STRUCTURE、邻接树构建和主坐标分析对微卫星多样性进行分析。大多数中美洲栽培材料聚为一个类群，提示可能只发生过一次驯化。此外，与栽培类群亲缘关系最近的野生菜豆来自墨西哥中西部里奥莱尔马—里奥格兰德德圣地亚哥流域的一个局限区域，该区域不同于巴尔萨斯流域。虽然野生玉米和菜豆在自然环境中可共同生长，但二者似乎在不同地区被驯化，后来才在同一复合种植系统中重新组合。因此，中美洲作物驯化可能具有分散的地理起源，而不是单一起源。关于农业起源的考古和生态研究，应把重点从墨西哥干旱的东半部转向中西部地区。 | F25: X | H25: AGR | I25: 2009 | J25: AGR:IND44184407
A26: T20 | B26: 边界挑战 | C26: S0262 | D26: 棉属物种核DNA含量的估算 | E26: 背景与目的：棉属（Gossypium）是一个具有重要经济价值且全球分布的类群，包含50多个物种。约半数物种的DNA含量估计值显示，其变异范围超过3倍；然而，仅陆地棉（G. hirsutum）的9个DNA含量估计值之间就相差超过2倍。近期研究表明，多种植物化合物会使常用方法获得的DNA含量估计产生偏差。本研究旨在检验利用流式细胞术测定棉属DNA含量时所用的标准化程序，并采用最佳标准化方法，为所有可获得的棉属物种生成修订后的DNA含量估计值。方法：采用流式细胞术测量经碘化丙啶染色的棉属分离细胞核荧光。根据大麦、玉米和水稻标准基因型的细胞核荧光，把荧光值换算为DNA含量估计值。研究评估了相对于标准材料的多种细胞核制备组合对估计结果的影响。主要结果：外标法和使用水稻‘IR36’的内标法得到的棉属DNA含量估计值在统计上相似；使用大麦‘Sultan’进行内标则得到偏高的DNA含量估计。研究通过外标法获得了37个棉属物种的核DNA含量估计值。祖先基因组大小的估计表明，核DNA含量在进化中既有增加也有减少。种内和基因组内DNA含量变异较低，异源多倍体AD基因组的大小接近其祖先基因组大小之和。结论：由于未知因素，大麦‘Sultan’可能不适合作为棉属DNA含量测定的内标。当前DNA含量估计支持公认的棉属细胞遗传学分类；棉属在基因组组内物种形成及异源多倍化过程中均表现出较高的基因组稳定性。 | F26: X | H26: MED | I26: 2005 | J26: MED:15701660

Sheet 自动对照
A2: 20篇小批测试：自动建议对照（中文翻译版）
A4: 本页在人工复核完成后使用。旧电脑预标是历史关键词规则；AI逐篇复核建议仍不是独立人工真值。
A6: 测试ID | B6: 样本ID | C6: 中文题名 | D6: 旧电脑预标 | E6: v1自动建议 | F6: v1自动理由 | G6: AI逐篇复核建议 | H6: AI复核理由 | I6: 人工确认标签 | J6: v1与人工 | K6: 选择原因
A7: T01 | B7: S0295 | C7: 将自维持气浮筛分与常规连续搅拌釜反应器耦合可提高玉米秸秆的厌氧生物降解性 | D7: U | E7: X | F7: 玉米仅作为底物、食品、饲料、标准、病毒宿主名称或环境背景。 | G7: X | H7: 玉米秸秆是厌氧消化底物，实验针对反应器和细菌群落，没有玉米基因关系。 | I7: =IF(人工复核!F7="","",人工复核!F7) -> X | J7: =IF(I7="","待填写",IF(I7=E7,"一致","不一致")) -> 一致 | K7: 固定随机种子；未按旧电脑标签挑选
A8: T02 | B8: S0207 | C8: 菌根与葡萄藤：应对葡萄种植挑战时两者互作中的已知与未知 | D8: U | E8: X | F8: 标题主体是其他物种、动物、人类或非农业工程主题。 | G8: X | H8: 综述对象是葡萄与菌根，和玉米内源基因功能无关；综述类型本身不能判R。 | I8: =IF(人工复核!F8="","",人工复核!F8) -> X | J8: =IF(I8="","待填写",IF(I8=E8,"一致","不一致")) -> 一致 | K8: R边界
A9: T03 | B9: S0304 | C9: 来源于小麦曲的枯草芽孢杆菌HNGD-Mq02降解黄曲霉毒素B1和M1的机制及其在食品脱毒中的应用 | D9: X | E9: X | F9: 玉米仅作为底物、食品、饲料、标准、病毒宿主名称或环境背景。 | G9: X | H9: 实验对象是枯草芽孢杆菌及真菌毒素，玉米粉只是食品应用材料。 | I9: =IF(人工复核!F9="","",人工复核!F9) -> X | J9: =IF(I9="","待填写",IF(I9=E9,"一致","不一致")) -> 一致 | K9: 固定随机种子；未按旧电脑标签挑选
A10: T04 | B10: S0259 | C10: 棉籽密度：10个栽培品种相关的物理和化学性质 | D10: U | E10: X | F10: 标题主体是其他物种、动物、人类或非农业工程主题。 | G10: X | H10: 研究棉籽密度和成分，没有玉米研究对象。 | I10: =IF(人工复核!F10="","",人工复核!F10) -> X | J10: =IF(I10="","待填写",IF(I10=E10,"一致","不一致")) -> 一致 | K10: 固定随机种子；未按旧电脑标签挑选
A11: T05 | B11: S0426 | C11: 危地马拉西南部多种微量营养素补充与响应性照护干预对支持儿童早期发展的独立及联合效果 | D11: U | E11: X | F11: 玉米仅作为底物、食品、饲料、标准、病毒宿主名称或环境背景。 | G11: X | H11: 研究儿童营养干预，玉米-大豆制品是补充食品。 | I11: =IF(人工复核!F11="","",人工复核!F11) -> X | J11: =IF(I11="","待填写",IF(I11=E11,"一致","不一致")) -> 一致 | K11: 固定随机种子；未按旧电脑标签挑选
A12: T06 | B12: S0097 | C12: 金鱼草转座元件Tam3的结构分析显示其与玉米Ac元件具有同源性 | D12: U | E12: U | F12: 缺摘要；仅凭标题不能确认研究对象、实验类型和证据强度。 | G12: U | H12: 标题显示金鱼草转座子与玉米Ac同源，但缺摘要；可能有D层比较证据，暂不能确认。 | I12: =IF(人工复核!F12="","",人工复核!F12) -> U | J12: =IF(I12="","待填写",IF(I12=E12,"一致","不一致")) -> 一致 | K12: D边界
A13: T07 | B13: S0434 | C13: 油气工业压裂液用高分子凝胶的化学与物理结构：现状、挑战与前景 | D13: U | E13: X | F13: 标题主体是其他物种、动物、人类或非农业工程主题。 | G13: X | H13: 研究油气压裂液高分子凝胶，与玉米基因无关。 | I13: =IF(人工复核!F13="","",人工复核!F13) -> X | J13: =IF(I13="","待填写",IF(I13=E13,"一致","不一致")) -> 一致 | K13: 固定随机种子；未按旧电脑标签挑选
A14: T08 | B14: S0374 | C14: 马铃薯育种新前沿：调控生殖基因与无融合生殖 | D14: U | E14: X | F14: 缺摘要，但标题已明确研究其他物种且无玉米对象。 | G14: X | H14: 标题明确是马铃薯育种，且缺少玉米对象。 | I14: =IF(人工复核!F14="","",人工复核!F14) -> X | J14: =IF(I14="","待填写",IF(I14=E14,"一致","不一致")) -> 一致 | K14: 固定随机种子；未按旧电脑标签挑选
A15: T09 | B15: S0438 | C15: 玉米饲料及木聚糖酶对肉鸡淀粉消化的影响 | D15: U | E15: X | F15: 玉米仅作为底物、食品、饲料、标准、病毒宿主名称或环境背景。 | G15: X | H15: 研究肉鸡对玉米饲料淀粉的消化，实验对象和结论均为动物营养。 | I15: =IF(人工复核!F15="","",人工复核!F15) -> X | J15: =IF(I15="","待填写",IF(I15=E15,"一致","不一致")) -> 一致 | K15: U边界
A16: T10 | B16: S0200 | C16: 缺钙条件下玉米幼苗叶片的脂质过氧化损伤 | D16: U | E16: U | F16: 与玉米有关，但没有足够信息形成可追溯的基因、蛋白或QTL关系。 | G16: U | H16: 玉米幼苗生理和SOD酶活确有实测，但没有可识别的具体基因或等位基因；是否进入辅助生理层待定。 | I16: =IF(人工复核!F16="","",人工复核!F16) -> U | J16: =IF(I16="","待填写",IF(I16=E16,"一致","不一致")) -> 一致 | K16: 固定随机种子；未按旧电脑标签挑选
A17: T11 | B17: S0394 | C17: SARS-CoV-2的最近缘病毒RaTG13来自蝙蝠转录组而非粪便拭子：对COVID-19起源的意义 | D17: U | E17: X | F17: 标题主体是其他物种、动物、人类或非农业工程主题。 | G17: X | H17: 研究蝙蝠冠状病毒数据来源，与玉米基因功能无关。 | I17: =IF(人工复核!F17="","",人工复核!F17) -> X | J17: =IF(I17="","待填写",IF(I17=E17,"一致","不一致")) -> 一致 | K17: E边界
A18: T12 | B18: S0033 | C18: FAST技术：一种用于拟南芥幼苗及其他植物物种瞬时基因表达分析的简化农杆菌转化方法 | D18: U | E18: X | F18: 标题主体是其他物种、动物、人类或非农业工程主题。 | G18: X | H18: 方法和功能实验主体是拟南芥及其他植物，没有玉米基因或玉米材料证据。 | I18: =IF(人工复核!F18="","",人工复核!F18) -> X | J18: =IF(I18="","待填写",IF(I18=E18,"一致","不一致")) -> 一致 | K18: X边界
... A26: T20 | B26: S0262 | C26: 棉属物种核DNA含量的估算 | D26: U | E26: X | F26: 玉米仅作为底物、食品、饲料、标准、病毒宿主名称或环境背景。 | G26: X | H26: 研究棉属核DNA含量，玉米仅作为流式细胞术标准材料。 | I26: =IF(人工复核!F26="","",人工复核!F26) -> X | J26: =IF(I26="","待填写",IF(I26=E26,"一致","不一致")) -> 一致 | K26: B边界

Sheet 英文原文
A2: 20篇小批测试：英文原文
A4: 本页保留数据源中的英文题名和英文摘要，供核对中文翻译；原记录缺摘要或摘要截断的情况保持原样。
A6: 测试ID | B6: 样本ID | C6: 英文题名 | D6: 英文摘要 | E6: 来源 | F6: 年份 | G6: 来源记录键
A7: T01 | B7: S0295 | C7: Coupling self-sustaining air flotation screening with conventional CSTR enhances anaerobic biodegradability of corn stover. | D7: The anaerobic biodegradability of lignocellulosic crop waste could be improved by proper pretreatments, but little information is available on enhancing straw digestibility through the reactor configuration. In a lab-based batch experiment, a novel reactor was established to testify the possibility to enhance anaerobic biodegradability of corn stover (CS) by coupling a self-sustaining air flotation screening (SAFS) unit with conventional continuous stirred tank reactor (CSTR). The SAFS-CSTR improved the maximum methane production by 14.27% with the duration of 16 d compared with the conventional CSTR for 20 d. The temporal and spatial distribution of basic indexes significantly differed from conventional CSTR. Elevated bacterial diversity and marked shifts in bacterial community composition were observed in different locations of reactor, with Bacteroidetes and Proteobacteria being the dominant phyla. SAFS unit would serve to separate inhibitors effectively and meanwhile enhance the mass-transfer efficiency, thus providing reference to upgrade or retrofit the conventional CSTR. | E7: MED | F7: 2020 | G7: MED:32335348
A8: T02 | B8: S0207 | C8: Mycorrhizae and grapevines: the known unknowns of their interaction for wine growers' challenges. | D8: Arbuscular mycorrhizal fungi (AMF) play an important role in grapevine production systems. However, little is known about how this relationship is achieved in the nursery and how soil management might modify it and its derived benefits. Here, we review the current knowledge on the establishment of grapevine-AMF relationships from the nursery to the field, the main factors that affect the effectiveness of the symbiosis, the potential role of AMF as biostimulants in grapevine production systems, and the future perspectives of their use in the current context of climate change. The process of establishing mycorrhizal symbiosis is complex, and the molecular dialogue between the plant roots and the fungus is still not yet fully understood. During vine plant production, rooting occurs in nurseries, where spontaneous symbiosis can be generated. The effectiveness of mycorrhizal symbiosis appears to depend not only on the identity of the fungus but also on the diversity of the vine material and soil management. Finally, the use of AMF as biostimulants might be an effective strategy with which to face the new climatic scenario, but further research dealing with the application of AMF inocula and the protection of native cohorts should be conducted. | E8: MED | F8: 2025 | G8: MED:40066981
A9: T03 | B9: S0304 | C9: Mechanistic Insights into Aflatoxin B1 and M1 Degradation by Bacillus subtilis HNGD-Mq02 from Wheat Koji and Its Application in Food Detoxification. | D9: Aflatoxin B 1 (AFB 1 ), the most toxic and prevalent mycotoxin in food and feed, and its hydroxylated metabolite aflatoxin M 1 (AFM 1 ), common in dairy products, pose serious health risks. Effective degradation of these toxins is thus a key goal in food safety. In this study, Bacillus subtilis HNGD-Mq02 was isolated and assessed for its ability to degrade AFB 1 and AFM 1 . Under optimal conditions (50 °C, pH 7), the fermentation broth achieved 94.06 and 98.26% degradation, respectively. Ultrahigh-performance liquid chromatography-mass spectrometry (UHPLC-MS) analysis confirmed that both mycotoxins were converted into less-toxic compounds. Zebrafish assays and Ames tests further verified the reduced toxicity of the degradation products. In practical application, the strain reduced AFB 1 by 72.90% in corn flour and AFM 1 by 42.25% in milk powder. Fermentation also led to partial improvements in nutritional quality. These results highlight the potential of B. subtilis HNGD-Mq02 for enhancing the safety and value of food and feed products. | E9: MED | F9: 2025 | G9: MED:40890944
A10: T04 | B10: S0259 | C10: Cottonseed Density: Associated Physical and Chemical Properties of 10 Cultivars | D10: Recent studies have indicated that cottonseed (Gossypium hirsutum L.) germination and seedling vigor are more closely related to seed density than to any other physical properties such as size or weight. This study was undertaken to determine the physical and chemical differences among seed of different densities within a cultivar and among seed of the same density between cultivars. The primary objective was to relate physical or chemical properties to seed density and to offer an explanation for the reported correlation between seed density, germination, and seedling vigor. Cottonseed of 10 cultivars grown on the Texas High Plains were separated into 4 density groups using a pneumatic separator and increasing air velocities. Separation of seed by density was somewhat independent of cultivar; whereas, seed weight was highly dependent on the cultivar. As seed density increased, the proportion of the total seed weight attributable to the embryo increased from 50% to 65% across all cultivars. The lipid concentration increased significantly from the lowest to the second density group, then remained essentially constant thereafter. All chemical constituents increased significantly when expressed on the basis of seed content. A significant cultivar effect existed within each density group with respect to the quantity of material present. Seed density was a good indication of seed maturity, as shown by the ratios of embryo weight to total seed weight. Although the concentrations of the various chemical constituents were only slightly affected, the quantity of both organic and inorganic material available to the germinating seedling was increased as seed density increased. | E10: AGR | F10: 1974 | G10: AGR:9916185676607426
A11: T05 | B11: S0426 | C11: 510 Independent and Combined Effectiveness of Multiple Micronutrient Supplementation and Responsive Caregiving Interventions to Support Early Child Development in Southwest Guatemala | D11: OBJECTIVES/GOALS: The objective of this study is to examine the independent and combined effectiveness of a multiple micronutrient supplementation and responsive caregiving intervention on early child development in southwestern Guatemala. METHODS/STUDY POPULATION: We conducted a double blind, 2 x 2, cluster randomized controlled trial combining micronutrient supplementation and responsive caregiving treatments. We enrolled 309 infants (6-18 months) and 387 preschoolers (36-52 months) at nutritional risk (height-for-age z-score < -1) (51% male; 17% indigenous ethnicity; 76% of caregivers completed â‰¤ primary school). The supplementation arm received a maize-soy product fortified with 21 micronutrients for 6 months; the control was fortified with B2. The responsive caregiving intervention was adapted from the UNICEF Care for Child Development program and delivered over 6 home visits. We examined changes in early child development from baseline (2015) to endline (2017) using the Bayley Scales of Infant and Toddler Development III and Bracken Scales of School Readiness. RESULTS/ANTICIPATED RESULTS: Among infants, age standardized Bayley cognitive development scores declined over time in each treatment arm. Infant Bayley motor development scores significantly increased in the combined multiple micronutrient supplementation + responsive caregiving arm (â^† = 3.67 [95% CI: 0.17, 7.17], p = 0.04). Among preschoolers, school readiness decreased over time in each treatment arm. The rates of change in infant development and preschooler school readiness did not differ between treatment arms. Further analysis will explore effect modification of the intervention by pre-specified child and household factors. DISCUSSION/SIGNIFICANCE: Combined multiple micronutrient supplementation and responsive caregiving supported motor development while cognitive and school readiness were not impacted by the intervention. These findings will inform the effectiveness and beneficiaries of multisectoral interventions to promote early child development in adverse environments. | E11: PMC | G11: PMC:PMC9209285
A12: T06 | B12: S0097 | C12: Structural analysis of Tam3, a transposable element from Antirrhinum majus, reveals homologies to the Ac element from maize. | E12: MED | F12: 1991 | G12: MED:1654157
A13: T07 | B13: S0434 | C13: Chemical and Physical Architecture of Macromolecular Gels for Fracturing Fluid Applications in the Oil and Gas Industry; Current Status, Challenges, and Prospects. | D13: Hydraulic fracturing is vital in recovering hydrocarbons from oil and gas reservoirs. It involves injecting a fluid under high pressure into reservoir rock. A significant part of fracturing fluids is the addition of polymers that become gels or gel-like under reservoir conditions. Polymers are employed as viscosifiers and friction reducers to provide proppants in fracturing fluids as a transport medium. There are numerous systems for fracturing fluids based on macromolecules. The employment of natural and man-made linear polymers, and also, to a lesser extent, synthetic hyperbranched polymers, as additives in fracturing fluids in the past one to two decades has shown great promise in enhancing the stability of fracturing fluids under various challenging reservoir conditions. Modern innovations demonstrate the importance of developing chemical structures and properties to improve performance. Key challenges include maintaining viscosity under reservoir conditions and achieving suitable shear-thinning behavior. The physical architecture of macromolecules and novel crosslinking processes are essential in addressing these issues. The effect of macromolecule interactions on reservoir conditions is very critical in regard to efficient fluid qualities and successful fracturing operations. In future, there is the potential for ongoing studies to produce specialized macromolecular solutions for increased efficiency and sustainability in oil and gas applications. | E13: MED | F13: 2024 | G13: MED:38786255
A14: T08 | B14: S0374 | C14: New Frontiers in Potato Breeding: Tinkering with Reproductive Genes and Apomixis | E14: PMC | F14: 2024 | G14: PMC:PMC11202281
A15: T09 | B15: S0438 | C15: Maize feeds and influence of xylanase on broiler digestion of starch | D15: The primary cereal grain used in poultry feed worldwide is maize. An understanding of how and where broiler chickens digest native starches, this being the major energy component of maize, and the influence that exogenous xylanase has on this process, is essential when optimising nutrient utilisation of a diet. In this project, both in vitro and in vivo models were used to understand broiler digestion of starches in different maize-based diets: native maize starch, maize grit and maize-soy with or without xylanase (Econase XT 25 at 100 g/t; 18,100 BXU/kg). An in vitro model to simulate the digestive tract of broilers using a ball milling technique to mimic the chicken gizzard was designed to investigate differences in the digestion of starches between the various diets. Reduced starch crystallinity and particle size of the diet was shown when samples were ball milled in HCl-pepsin, compared to roller mixed samples, leading to a greater glucose release when these samples were incubated with pancreatin. The maize-soy diet gave the greatest glucose release with pancreatin, with native maize starch giving the lowest, indicating that the processing of diets prior to digestion as well as the surrounding food matrix ... (continues) | E15: ETH | F15: 2016 | G15: ETH:689988
A16: T10 | B16: S0200 | C16: Lipid peroxidation damage to leaves of Zea mays L. seedlings under calcium deficiency. | D16: Corn seedlings were cultured hydroponies until the 4th leaf emerged then transfered some seedlings to Ca-free media every four days until the eighth leaf stage.In the eight-leaf corn seedlings,the correlation between lidpid peroxidation destruction of membrane system and ultrastructure changes of mesophyll cells was studied.In early stage of Ca-deficiency,the mesophyll cells maintained high superoxide dismutase activity and lower lipid peroxidation.With the development of Ca-deficiency,the superoxide dismutase activity decreased,especially the Cu,Zn-SOD activity,MDA content and membrane permeability increased,cell organelles were destroyed severely and even the whole cell structure was ruined.The ultrastructure damages of mesophyll cells were first observed in chloroplast,followed by the mitochondria,plasmolemma,nuclear membrane and endoplast membrane.The destruction of membrane system under calcium deficiency indicated that lipid peroxidation was enhanced by calcium deficiency. | E16: CBA | F16: 1997 | G16: CBA:302012
A17: T11 | B17: S0394 | C17: SARS-CoV-2's closest relative, RaTG13, was generated from a bat transcriptome not a fecal swab: implications for the origin of COVID-19 | D17: RaTG13 is the closest related coronavirus genome phylogenetically to SARS-CoV-2, consequently understanding its provenance is of key importance to understanding the origin of the COVID-19 pandemic. The RaTG13 NGS dataset is attributed to a fecal swab from the intermediate horseshoe bat Rhinolophus affinis. However, sequence analysis reveals that this is unlikely. Metagenomic analysis using Metaxa2 shows that only 10.3 % of small subunit (SSU) rRNA sequences in the dataset are bacterial, inconsistent with a fecal sample, which are typically dominated by bacterial sequences. In addition, the bacterial taxa present in the sample are inconsistent with fecal material. Assembly of mitochondrial SSU rRNA sequences in the dataset produces a contig 98.7 % identical to R.affinis mitochondrial SSU rRNA, indicating that the sample was generated from this or a closely related species. 87.5 % of the NGS reads map to the Rhinolophus ferrumequinum genome, the closest bat genome to R.affinis available. In the annotated genome assembly, 62.2 % of mapped reads map to protein coding genes. These results clearly demonstrate that the dataset represents a Rhinolophus sp. transcriptome, and not a fecal swab sample. Overall, the data show that the RaTG13 dataset was generated by the Wuhan Institute of Virology (WIV) from a transcriptome derived from Rhinolophus sp. tissue or cell line, indicating that RaTG13 was in live culture. This raises the question of whether the WIV was culturing additional unreported coronaviruses closely related to SARS-CoV-2 prior to the pandemic. The implications for the origin of the COVID-19 pandemic are discussed. | E17: PPR | F17: 2021 | G17: PPR:PPR423720
A18: T12 | B18: S0033 | C18: The FAST technique: a simplified Agrobacterium-based transformation method for transient gene expression analysis in seedlings of Arabidopsis and other plant species. | D18: Background Plant genome sequencing has resulted in the identification of a large number of uncharacterized genes. To investigate these unknown gene functions, several transient transformation systems have been developed as quick and convenient alternatives to the lengthy transgenic assay. These transient assays include biolistic bombardment, protoplast transfection and Agrobacterium-mediated transient transformation, each having advantages and disadvantages depending on the research purposes. Results We present a novel transient assay based on cocultivation of young Arabidopsis (Arabidopsis thaliana) seedlings with Agrobacterium tumefaciens in the presence of a surfactant which does not require any dedicated equipment and can be carried out within one week from sowing seeds to protein analysis. This Fast Agro-mediated Seedling Transformation (FAST) was used successfully to express a wide variety of constructs driven by different promoters in Arabidopsis seedling cotyledons (but not roots) in diverse genetic backgrounds. Localizations of three previously uncharacterized proteins were identified by cotransformation with fluorescent organelle markers. The FAST procedure requires minimal handling of seedlings and was also adaptable for use in 96-well plates. The high transformation efficiency of the FAST procedure enabled protein detection from eight transformed seedlings by immunoblotting. Protein-protein interaction, in this case HY5 homodimerization, was readily detected in FAST-treated seedlings with Förster resonance energy transfer and bimolecular fluorescence complementation techniques. Initial tests demonstrated that the FAST procedure can also be applied to other dicot and monocot species, including tobacco, tomato, rice and switchgrass. Conclusion The FAST system provides a rapid, efficient and economical assay of gene function in intact plants with minimal manual handling and without dedicated device. This method is potentially ideal for future automated high-throughput analysis. | E18: MED | F18: 2009 | G18: MED:19457242
A19: T13 | B19: S0130 | C19: Soil water deficit and recovery under different vegetation types on the Chinese Loess Plateau | D19: Characterizing soil water content (SWC) dynamics is a prerequisite for conducting sustainable vegetation restoration on the Chinese Loess Plateau. However, quantifying the variations of the SWC in the deep soil layers remains a challenge because of the different driving factors and the complexity of surface processes. In this study, SWC in 0–10 m of artificial forestlands (AF), apple orchard (AO), native forestland (NF), farmland (maize; FL), and native grassland (NG) were monitored during 2019–2020. The deficit size (DS) and recovery index (RI) were used to explore the effects of vegetation types on SWC. The results showed that the SWCs of forestlands were significantly lower than the SWC of native grassland (12.32%) and tree species significantly affected the SWC. The monthly DS values in forestlands were negative, while those of FL were positive. The DS value in 0-10 m and predictive values below 10 m were negative of forestlands. Thus, tree planting may have consumed soil water at a depth of > 10 m. During the investigation period, soil water was restored in 0–1 m with the positive RI values. In addition, artificial forestlands showed good performance in deep soil water recovery. Canopy density was the controlling factor for soil water restoration. Our results demonstrated that the current afforestation mode used more soil water but was conducive to deep soil water conservation. Therefore, reasonable adjustments should be made according to the local soil and water resources for future vegetation selection and management. | E19: PPR | F19: 2021 | G19: PPR:PPR434725
A20: T14 | B20: S0373 | C20: The role of the Opaque2 transcriptional factor in the regulation of protein accumulation and amino acid metabolism in maize seeds. | E20: MED | F20: 1994 | G20: MED:7486460
A21: T15 | B21: S0480 | C21: A Co-Expression Network in Hexaploid Wheat Reveals Mostly Balanced Expression and Lack of Significant Gene Loss of Homeologous Meiotic Genes Upon Polyploidization. | D21: Polyploidization has played an important role in plant evolution. However, upon polyploidization, the process of meiosis must adapt to ensure the proper segregation of increased numbers of chromosomes to produce balanced gametes. It has been suggested that meiotic gene (MG) duplicates return to a single copy following whole genome duplication to stabilize the polyploid genome. Therefore, upon the polyploidization of wheat, a hexaploid species with three related (homeologous) genomes, the stabilization process may have involved rapid changes in content and expression of MGs on homeologous chromosomes (homeologs). To examine this hypothesis, sets of candidate MGs were identified in wheat using co-expression network analysis and orthology informed approaches. In total, 130 RNA-Seq samples from a range of tissues including wheat meiotic anthers were used to define co-expressed modules of genes. Three modules were significantly correlated with meiotic tissue samples but not with other tissue types. These modules were enriched for GO terms related to cell cycle, DNA replication, and chromatin modification and contained orthologs of known MGs. Overall, 74.4% of genes within these meiosis-related modules had three homeologous copies which was similar to other tissue-related modules. Amongst wheat MGs identified by orthology, rather than co-expression, the majority (93.7%) were either retained in hexaploid wheat at the same number of copies (78.4%) or increased in copy number (15.3%) compared to ancestral wheat species. Furthermore, genes within meiosis-related modules showed more balanced expression levels between homeologs than genes in non-meiosis-related modules. Taken together, our results do not support extensive gene loss nor changes in homeolog expression of MGs upon wheat polyploidization. The construction of the MG co-expression network allowed identification of hub genes and provided key targets for future studies. | E21: MED | F21: 2019 | G21: MED:31681395
A22: T16 | B22: S0378 | C22: Physical structure and genetic organisation of the genome of maize streak virus (Kenyan isolate). | D22: The structure of the maize streak virus genome (Kenyan isolate, MSV-K), as determined from the sequence of clones obtained from DNA isolated from virus particles, is composed of one major DNA component of about 2.6 kb. MSV virion DNA is partially double-stranded, composed of a full-length virion (V) strand and a short (70-80b) primer (P) strand. The primer strand has a fixed 5'-end capped with alkaline labile material, presumably 1-2 ribonucleotides. The MSV genome has two major coding regions oriented on opposite strands and flanked by two small intergenic regions. The coding region on the P strand is composed of two major open reading frames (ORFs), arranged in tandem and in the same reading frame. Because the predicted protein derived from a composite of these two ORFs closely corresponds to the product from a single ORF in the cassava latent virus genome, it is likely that this region encodes two proteins with common amino-termini, one a read-through product of the amber codon terminator in the first ORF. The intergenic regions contain potential transcription start and stop signals oriented in the direction of the two opposing coding regions. Considerable DNA sequence heterogeneity was observed, mostly silent or conservative third base substitutions in coding regions and base substitutions, small insertions and small, close-range transpositions in intergenic regions. | E22: MED | F22: 1984 | G22: MED:6493977
A23: T17 | B23: S0225 | C23: Glucocorticoid and mineralocorticoid effects on adrenocorticotropin and beta-endorphin in the adrenalectomized rat. | D23: Immunoreactive ACTH (ir-ACTH) and immunoreactive beta-endorphin (ir-betaEP) were determined in plasma, anterior pituitary, neuro-intermediate lobe, and hypothalamus of sham-adrenalectomized rats, and adrenalectomized rats given six daily injections of vehicle (oil), dexamethasone, 9alpha-fluorocortisol or deoxycorticosterone. 6 d after adrenalectomy, anterior pituitary ir-ACTH and ir-betaEP were double, and plasma levels approximately fivefold those in controls. Adrenalectomy did not alter hypothalamic levels of either peptide, or ir-betaEP in neuro-intermediate lobe, in which tissue ir-ACTH was below detection limit at routine dilutions. Dexamethasone (0.2-200 mug/d) concurrently suppressed plasma ir-ACTH and ir-betaEP, with a near maximal effect at 20 mug, and a half-maximal effect between 2 and 6 mug; similar dose-response characteristics were found for thymolysis. Step-wise increases in anterior pituitary content of both peptides were found, with no change in hypothalamic levels of either peptide, or neuro-intermediate lobe ir-betaEP. 9alpha-fluorocortisol (0.2-200 mug/d) produced plasma, anterior pituitary, and hypothalamic effects equivalent to dexamethasone, but with one-tenth the potency. Unlike dexamethasone, higher doses of 9alpha-fluorocortisol significantly elevated neuro-intermediate lobe ir-betaEP. Deoxycorticosterone (2-2,000 mug/d) produced no significant changes in plasma, anterior pituitary or hypothalamic levels of either peptide; like 9alpha-fluorocortisol, doses of >60 mug/d significantly elevated neuro-intermediate lobe ir-betaEP. Whereas ir-ACTH and ir-betaEP synthesis in and release from the anterior pituitary are under complex negative feedback glucocorticoid control, there exists a mineralocorticoid-specific effect on neuro-intermediate lobe content of ir-betaEP. | E23: MED | F23: 1982 | G23: MED:6279699
A24: T18 | B24: S0417 | C24: Soil Microbiota Modulates Root Transcriptome With Divergent Effect on Maize Growth Under Low and High Phosphorus Inputs. | D24: Plant growth can be promoted by beneficial microorganisms, or inhibited by detrimental ones. Although the interaction process between a single microbial species and its host has been extensively studied, the growth and transcriptional response of the host to soil microbiota is poorly understood. We planted maize in natural or sterile soil collected from a long-term experimental site with two different soil phosphate (P) regimes. We examined the composition of microbial communities inhabiting root-associated niches in natural soil. In parallel, we determined the biomass, ionomes, and root transcriptome profiling of maize grown in natural or sterile soil. Soil microbiota could promote or inhibit different P starvation-responsive (PSR) genes, as well as induce several defense-related metabolic processes independently of external P levels. Soil microbiota accompanied by long-term application of P fertilizer induced lower intensity of PSR and defense responses, inhibiting maize growth. Under a low P regime, the PSR and defense responses were induced to a higher extent, promoting P absorption and growth. Our findings suggest a soil P-dependent effect of microbiota on maize growth by integrating PSR and defense responses and provide a more refined understanding of the interaction between root growth and soil microbiota. | E24: MED | F24: 2025 | G24: MED:39552518
A25: T19 | B25: S0150 | C25: The Putative Mesoamerican Domestication Center of Phaseolus vulgaris Is Located in the Lerma–Santiago Basin of Mexico | D25: Mesoamerican food agriculture is defined by the milpa cropping system, consisting of maize (Zea mays L.), common bean (Phaseolus vulgaris L.), and squash (Cucurbita spp.). In recent years, a domestication center for maize has been proposed in the Balsas River basin in west-central Mexico, raising the question whether the Balsas basin was also the center of origin for Mesoamerican food agriculture in general. We conducted a survey of genetic diversity for 26 microsatellite markers in a representative sample of 155 wild and domesticated common bean from its Mesoamerican gene pool. Microsatellite diversity was analyzed with STRUCTURE, neighbor-joining tree construction, and principal coordinate analysis. Most Mesoamerican domesticated accessions clustered in a single group, suggesting a single domestication. Furthermore, the most closely related wild beans to the domesticated clade originated from a restricted region in the Rio Lerma–Rio Grande de Santiago basin in west-central Mexico, distinct from the Balsas basin. Although wild maize and Phaseolus beans grow together in the wild, they appear to have been domesticated in different regions to be reunited later on in a single cropping system. Crop domestications in Mesoamerica may therefore have a diffuse rather than a single geographic origin. Archaeological and ecological investigations into the origins of agriculture should be refocused from the arid eastern half of Mexico to the west-central part of the country. | E25: AGR | F25: 2009 | G25: AGR:IND44184407
A26: T20 | B26: S0262 | C26: Estimation of the nuclear DNA content of gossypium species. | D26: Background and aims Gossypium is an economically important, globally distributed taxon comprising more than 50 species. DNA content estimates from about half of the species indicate over a 3-fold variation exists. However, the nine DNA content estimates for G. hirsutum reveal over a 2-fold difference for this species alone. Recent reports have shown that several plant compounds can bias DNA content estimates obtained by commonly used methods. The purpose of this research was to examine the standardization procedures used for DNA content determinations with flow cytometry as applied to Gossypium, and generate revised DNA content estimates for all available Gossypium species using best-standard practices. Methods Flow cytometry was used to measure fluorescence of isolated Gossypium nuclei stained with propidium iodide. Fluorescence values were converted to DNA content estimates based on the nuclear fluorescence of standard genotypes of barley, corn and rice. Various combinations of nuclei preparations relative to the standards were evaluated for their influence on the estimates. Key results Both external standardization and internal standardization with Oryza sativa 'IR36' yielded statistically similar DNA content estimates for Gossypium. Internal standardization with Hordeum vulgare 'Sultan' resulted in a high estimate of DNA content. Nuclear DNA content estimates were generated for 37 Gossypium species using external standardization. Estimates of ancestral genome sizes reveal that both increases and decreases in nuclear DNA content have occurred. Variation in intraspecific and intragenomic DNA content was low, and the allopolyploid AD-genome size was nearly the additive of its progenitor genomes. Conclusions Due to unknown factors, internal standardization with H. vulgare 'Sultan' may not be appropriate for DNA content determinations of Gossypium. The current DNA content estimates support accepted cytogenetic divisions of the genus. Gossypium is a genus that exhibits genome constancy both through speciation within genomic groups and allopolyploidization. | E26: MED | F26: 2005 | G26: MED:15701660
